<?xml version="1.0" encoding="UTF-8"?>
<!DOCTYPE hibernate-configuration PUBLIC
		"-//Hibernate/Hibernate Configuration DTD 3.0//EN"
		"http://www.hibernate.org/dtd/hibernate-configuration-3.0.dtd">
<hibernate-configuration>
	<session-factory>
		<!-- JDBC connection pool (use the built-in) -->
		<property name="connection.pool_size">1</property>

		<property name="dialect">org.hibernate.dialect.MySQL8Dialect</property>

		<!-- Disable the second-level cache -->
		<property name="cache.provider_class">org.hibernaorg.hibernate.cache.internal.NoCacheProvidete.cache.internal.NoCacheProvider</property>

		<!-- Echo all executed SQL to stdout -->
		<property name="show_sql">true</property>

		<!-- Drop and re-create the database schema on startup -->
		<property name="hbm2ddl.auto">none</property>

		<mapping resource="com/app/web/model/User.hbm.xml" />
		<mapping
			resource="com/app/web/model/MedidoresConsulta.hbm.xml" />

		<mapping resource="com/app/web/model/Ruta.hbm.xml" />
		<mapping resource="com/app/web/model/Grupo.hbm.xml" />
		<mapping resource="com/app/web/model/Usuario.hbm.xml" />

	</session-factory>
</hibernate-configuration>